"","V1","V2","V3","V4","V5","V6","V7","V8","V9","V10","V11","V12","V13","V14","V15","V16","V17","V18","V19","V20","V21","V22","V23","V24","V25","V26"
"1","0","1989","1990","1991","1992","1993","1994","1995","1996","1997","1998","1999","2000","2001","2002","2003","2004","2005","2006","2007","2008","2009","2010","2011","2012","2013"
"2","ABE","0","0","0","0","0","0","0","0","0","0","0","0","0","0","0","0","0","987","794","785","856","49","8","221","364"
"3","ABI","0","0","0","0","0","0","0","0","0","0","0","0","0","0","0","0","0","0","0","0","0","0","0","0","0"
"4","ABQ","0","0","0","0","0","0","0","0","0","0","0","0","0","0","0","0","0","78","92","124","203","874","1791","743","520"
"5","ABR","0","0","0","0","0","0","0","0","0","0","0","0","0","0","0","0","0","0","0","0","0","0","0","0","0"
"6","ABY","0","0","0","0","0","0","0","0","0","0","0","0","0","0","0","0","0","0","0","0","0","0","0","0","0"
"7","ACK","0","0","0","0","0","0","0","0","0","0","0","0","0","0","0","0","0","0","0","0","0","0","0","0","0"
"8","ACT","0","0","0","0","0","0","0","0","0","0","0","0","0","0","0","0","0","0","0","0","0","0","0","0","0"
"9","ACV","0","0","0","0","0","0","0","0","0","0","0","0","0","0","0","0","0","0","0","0","0","0","0","0","0"
"10","ACY","0","0","0","0","0","0","0","0","0","0","0","0","0","0","0","0","0","0","0","0","0","0","0","0","0"
"11","ADK","0","0","0","0","0","0","0","0","0","0","0","0","0","0","0","0","0","0","0","0","0","0","0","0","0"
"12","ADQ","0","0","0","0","0","0","0","0","0","0","0","0","0","0","0","0","0","0","0","0","0","0","0","0","0"
"13","AEX","0","0","0","0","0","0","0","0","0","0","0","0","0","0","0","0","0","0","0","0","0","0","0","0","0"
"14","AGS","0","0","0","0","0","0","0","0","0","0","0","0","0","0","0","0","0","16","38","16","12","26","24","28","55"
"15","AKN","0","0","0","0","0","0","0","0","0","0","0","0","0","0","0","0","0","0","0","0","0","0","0","0","0"
"16","ALB","0","0","0","0","0","0","0","0","0","0","0","0","0","0","0","0","0","208","276","239","545","577","419","243","493"
"17","ALO","0","0","0","0","0","0","0","0","0","0","0","0","0","0","0","0","0","0","0","0","0","0","0","0","0"
"18","AMA","0","0","0","0","0","0","0","0","0","0","0","0","0","0","0","0","0","0","0","0","0","0","0","0","0"
"19","ANC","0","0","0","0","0","0","0","0","0","0","0","0","0","0","0","0","0","0","0","0","0","0","0","0","0"
"20","ANI","0","0","0","0","0","0","0","0","0","0","0","0","0","0","0","0","0","0","0","0","0","0","0","0","0"
"21","APF","0","0","0","0","0","0","0","0","0","0","0","0","0","0","0","0","0","0","0","0","0","0","0","0","0"
"22","APN","0","0","0","0","0","0","0","0","0","0","0","0","0","0","0","0","0","0","0","0","0","0","0","0","0"
"23","ART","0","0","0","0","0","0","0","0","0","0","0","0","0","0","0","0","0","0","0","0","0","0","0","0","0"
"24","ASE","0","0","0","0","0","0","0","0","0","0","0","0","0","0","0","0","0","2202","1751","1859","1369","0","0","0","0"
"25","ATL","0","0","0","0","0","0","0","0","0","0","0","0","0","0","0","0","0","2988","2618","2515","1394","1900","2160","2293","1777"
"26","ATW","0","0","0","0","0","0","0","0","0","0","0","0","0","0","0","0","0","671","1159","1188","1319","631","39","10","0"
"27","AUS","0","0","0","0","0","0","0","0","0","0","0","0","0","0","0","0","0","2227","1944","2496","3502","3080","2774","2817","2879"
"28","AVL","0","0","0","0","0","0","0","0","0","0","0","0","0","0","0","0","0","18","0","0","0","0","0","0","186"
"29","AVP","0","0","0","0","0","0","0","0","0","0","0","0","0","0","0","0","0","689","548","269","203","0","39","309","346"
"30","AZA","0","0","0","0","0","0","0","0","0","0","0","0","0","0","0","0","0","0","0","0","0","0","0","0","0"
"31","AZO","0","0","0","0","0","0","0","0","0","0","0","0","0","0","0","0","0","0","0","0","0","0","0","0","0"
"32","BDL","0","0","0","0","0","0","0","0","0","0","0","0","0","0","0","0","0","478","840","936","924","809","577","1046","683"
"33","BET","0","0","0","0","0","0","0","0","0","0","0","0","0","0","0","0","0","0","0","0","0","0","0","0","0"
"34","BFF","0","0","0","0","0","0","0","0","0","0","0","0","0","0","0","0","0","0","0","0","0","0","0","0","0"
"35","BFI","0","0","0","0","0","0","0","0","0","0","0","0","0","0","0","0","0","0","0","0","0","0","0","0","0"
"36","BFL","0","0","0","0","0","0","0","0","0","0","0","0","0","0","0","0","0","1410","1330","1296","1163","1109","1073","495","280"
"37","BGM","0","0","0","0","0","0","0","0","0","0","0","0","0","0","0","0","0","0","0","0","0","0","0","0","0"
"38","BGR","0","0","0","0","0","0","0","0","0","0","0","0","0","0","0","0","0","0","0","0","0","0","0","0","0"
"39","BHM","0","0","0","0","0","0","0","0","0","0","0","0","0","0","0","0","0","744","1773","1457","1622","237","458","931","1152"
"40","BIL","0","0","0","0","0","0","0","0","0","0","0","0","0","0","0","0","0","26","0","0","0","0","0","0","0"
"41","BIS","0","0","0","0","0","0","0","0","0","0","0","0","0","0","0","0","0","0","0","0","0","0","0","0","0"
"42","BJI","0","0","0","0","0","0","0","0","0","0","0","0","0","0","0","0","0","0","0","0","0","0","0","0","0"
"43","BKG","0","0","0","0","0","0","0","0","0","0","0","0","0","0","0","0","0","0","0","0","0","0","0","0","0"
"44","BLI","0","0","0","0","0","0","0","0","0","0","0","0","0","0","0","0","0","0","0","0","0","0","0","0","0"
"45","BMI","0","0","0","0","0","0","0","0","0","0","0","0","0","0","0","0","0","1344","1281","667","0","0","0","0","0"
"46","BNA","0","0","0","0","0","0","0","0","0","0","0","0","0","0","0","0","0","3915","3174","1423","1869","1088","831","875","777"
"47","BOI","0","0","0","0","0","0","0","0","0","0","0","0","0","0","0","0","0","199","110","0","0","0","0","4","0"
"48","BOS","0","0","0","0","0","0","0","0","0","0","0","0","0","0","0","0","0","2012","1261","526","425","235","113","10","448"
"49","BPT","0","0","0","0","0","0","0","0","0","0","0","0","0","0","0","0","0","0","0","0","0","0","0","0","0"
"50","BQK","0","0","0","0","0","0","0","0","0","0","0","0","0","0","0","0","0","0","0","0","0","0","0","0","0"
"51","BQN","0","0","0","0","0","0","0","0","0","0","0","0","0","0","0","0","0","0","0","0","0","0","0","0","0"
"52","BRD","0","0","0","0","0","0","0","0","0","0","0","0","0","0","0","0","0","0","0","0","0","0","0","0","0"
"53","BRO","0","0","0","0","0","0","0","0","0","0","0","0","0","0","0","0","0","0","0","0","0","0","0","0","0"
"54","BRW","0","0","0","0","0","0","0","0","0","0","0","0","0","0","0","0","0","0","0","0","0","0","0","0","0"
"55","BTM","0","0","0","0","0","0","0","0","0","0","0","0","0","0","0","0","0","0","0","0","0","0","0","0","0"
"56","BTR","0","0","0","0","0","0","0","0","0","0","0","0","0","0","0","0","0","0","0","0","0","0","0","0","0"
"57","BTV","0","0","0","0","0","0","0","0","0","0","0","0","0","0","0","0","0","6","0","129","598","632","455","62","332"
"58","BUF","0","0","0","0","0","0","0","0","0","0","0","0","0","0","0","0","0","1875","1589","547","1389","651","880","360","742"
"59","BUR","0","0","0","0","0","0","0","0","0","0","0","0","0","0","0","0","0","1040","755","1055","1294","889","1205","1003","1402"
"60","BWI","0","0","0","0","0","0","0","0","0","0","0","0","0","0","0","0","0","590","447","321","62","73","2","2","19"
"61","BZN","0","0","0","0","0","0","0","0","0","0","0","0","0","0","0","0","0","0","0","0","0","0","0","0","0"
"62","CAE","0","0","0","0","0","0","0","0","0","0","0","0","0","0","0","0","0","4075","3123","3082","2765","543","0","0","0"
"63","CAK","0","0","0","0","0","0","0","0","0","0","0","0","0","0","0","0","0","566","806","583","744","106","0","0","0"
"64","CCR","0","0","0","0","0","0","0","0","0","0","0","0","0","0","0","0","0","0","0","0","0","0","0","0","0"
"65","CDC","0","0","0","0","0","0","0","0","0","0","0","0","0","0","0","0","0","0","0","0","0","0","0","0","0"
"66","CDV","0","0","0","0","0","0","0","0","0","0","0","0","0","0","0","0","0","0","0","0","0","0","0","0","0"
"67","CEC","0","0","0","0","0","0","0","0","0","0","0","0","0","0","0","0","0","0","0","0","0","0","0","0","0"
"68","CHA","0","0","0","0","0","0","0","0","0","0","0","0","0","0","0","0","0","15","0","0","0","0","0","0","0"
"69","CHO","0","0","0","0","0","0","0","0","0","0","0","0","0","0","0","0","0","33","0","0","0","0","0","0","0"
"70","CHS","0","0","0","0","0","0","0","0","0","0","0","0","0","0","0","0","0","2613","3068","2005","1969","2045","1738","1751","2248"
"71","CIC","0","0","0","0","0","0","0","0","0","0","0","0","0","0","0","0","0","0","0","0","0","0","0","0","0"
"72","CID","0","0","0","0","0","0","0","0","0","0","0","0","0","0","0","0","0","688","478","776","963","259","0","0","0"
"73","CIU","0","0","0","0","0","0","0","0","0","0","0","0","0","0","0","0","0","0","0","0","0","0","0","0","0"
"74","CKB","0","0","0","0","0","0","0","0","0","0","0","0","0","0","0","0","0","0","0","0","0","0","0","0","0"
"75","CLD","0","0","0","0","0","0","0","0","0","0","0","0","0","0","0","0","0","620","406","44","0","0","0","0","0"
"76","CLE","0","0","0","0","0","0","0","0","0","0","0","0","0","0","0","0","0","1540","2528","1925","1780","846","883","1145","1362"
"77","CLL","0","0","0","0","0","0","0","0","0","0","0","0","0","0","0","0","0","0","0","0","0","0","0","0","0"
"78","CLT","0","0","0","0","0","0","0","0","0","0","0","0","0","0","0","0","0","24110","24242","21542","18548","20873","22861","26929","33225"
"79","CMH","0","0","0","0","0","0","0","0","0","0","0","0","0","0","0","0","0","527","497","121","0","0","43","416","853"
"80","CMI","0","0","0","0","0","0","0","0","0","0","0","0","0","0","0","0","0","0","0","0","0","0","0","0","0"
"81","CMX","0","0","0","0","0","0","0","0","0","0","0","0","0","0","0","0","0","0","0","0","0","0","0","0","0"
"82","COD","0","0","0","0","0","0","0","0","0","0","0","0","0","0","0","0","0","365","371","367","248","120","0","0","0"
"83","COS","0","0","0","0","0","0","0","0","0","0","0","0","0","0","0","0","0","3703","2845","2679","2735","220","0","0","0"
"84","COU","0","0","0","0","0","0","0","0","0","0","0","0","0","0","0","0","0","0","0","0","0","0","0","0","0"
"85","CPR","0","0","0","0","0","0","0","0","0","0","0","0","0","0","0","0","0","0","995","1071","1196","334","0","0","0"
"86","CRP","0","0","0","0","0","0","0","0","0","0","0","0","0","0","0","0","0","0","0","0","0","0","0","0","0"
"87","CRW","0","0","0","0","0","0","0","0","0","0","0","0","0","0","0","0","0","27","0","0","0","0","0","0","0"
"88","CSG","0","0","0","0","0","0","0","0","0","0","0","0","0","0","0","0","0","0","0","0","0","0","0","0","0"
"89","CVG","0","0","0","0","0","0","0","0","0","0","0","0","0","0","0","0","0","4","0","6","0","678","1015","799","1246"
"90","CWA","0","0","0","0","0","0","0","0","0","0","0","0","0","0","0","0","0","180","580","614","163","0","0","0","0"
"91","CYS","0","0","0","0","0","0","0","0","0","0","0","0","0","0","0","0","0","0","0","0","0","0","0","0","0"
"92","DAB","0","0","0","0","0","0","0","0","0","0","0","0","0","0","0","0","0","681","203","0","6","268","138","287","94"
"93","DAL","0","0","0","0","0","0","0","0","0","0","0","0","0","0","0","0","0","0","0","0","0","0","0","0","0"
"94","DAY","0","0","0","0","0","0","0","0","0","0","0","0","0","0","0","0","0","1","0","149","952","563","84","115","0"
"95","DBQ","0","0","0","0","0","0","0","0","0","0","0","0","0","0","0","0","0","0","0","0","0","0","0","0","0"
"96","DCA","0","0","0","0","0","0","0","0","0","0","0","0","0","0","0","0","0","204","0","0","0","0","0","0","0"
"97","DEN","0","0","0","0","0","0","0","0","0","0","0","0","0","0","0","0","0","15314","15078","13450","13934","2657","39","3","0"
"98","DET","0","0","0","0","0","0","0","0","0","0","0","0","0","0","0","0","0","0","0","0","0","0","0","0","0"
"99","DFW","0","0","0","0","0","0","0","0","0","0","0","0","0","0","0","0","0","1057","133","54","22","46","770","1096","795"
"100","DHN","0","0","0","0","0","0","0","0","0","0","0","0","0","0","0","0","0","0","0","0","0","0","0","0","0"
"101","DIK","0","0","0","0","0","0","0","0","0","0","0","0","0","0","0","0","0","0","0","0","0","0","0","0","0"
"102","DLG","0","0","0","0","0","0","0","0","0","0","0","0","0","0","0","0","0","0","0","0","0","0","0","0","0"
"103","DLH","0","0","0","0","0","0","0","0","0","0","0","0","0","0","0","0","0","0","0","0","0","0","0","0","0"
"104","DRO","0","0","0","0","0","0","0","0","0","0","0","0","0","0","0","0","0","3070","2391","1965","2267","792","827","5","0"
"105","DRT","0","0","0","0","0","0","0","0","0","0","0","0","0","0","0","0","0","0","0","0","0","0","0","0","0"
"106","DSM","0","0","0","0","0","0","0","0","0","0","0","0","0","0","0","0","0","1660","1857","1331","1695","983","828","537","1071"
"107","DTW","0","0","0","0","0","0","0","0","0","0","0","0","0","0","0","0","0","2083","2398","1392","1278","608","725","1538","890"
"108","DUT","0","0","0","0","0","0","0","0","0","0","0","0","0","0","0","0","0","0","0","0","0","0","0","0","0"
"109","EAU","0","0","0","0","0","0","0","0","0","0","0","0","0","0","0","0","0","0","0","0","0","0","0","0","0"
"110","ECP","0","0","0","0","0","0","0","0","0","0","0","0","0","0","0","0","0","0","0","0","0","0","0","0","0"
"111","EFD","0","0","0","0","0","0","0","0","0","0","0","0","0","0","0","0","0","0","0","0","0","0","0","0","0"
"112","EGE","0","0","0","0","0","0","0","0","0","0","0","0","0","0","0","0","0","1384","1559","1379","760","178","0","0","0"
"113","EKO","0","0","0","0","0","0","0","0","0","0","0","0","0","0","0","0","0","0","0","0","0","0","0","0","0"
"114","ELM","0","0","0","0","0","0","0","0","0","0","0","0","0","0","0","0","0","0","0","0","0","0","0","0","0"
"115","ELP","0","0","0","0","0","0","0","0","0","0","0","0","0","0","0","0","0","1164","1110","1143","1265","1815","2525","855","783"
"116","ERI","0","0","0","0","0","0","0","0","0","0","0","0","0","0","0","0","0","0","0","0","0","0","0","0","0"
"117","ESC","0","0","0","0","0","0","0","0","0","0","0","0","0","0","0","0","0","0","0","0","0","0","0","0","0"
"118","EUG","0","0","0","0","0","0","0","0","0","0","0","0","0","0","0","0","0","992","612","534","0","0","0","0","0"
"119","EVV","0","0","0","0","0","0","0","0","0","0","0","0","0","0","0","0","0","0","0","0","0","0","0","0","0"
"120","EWN","0","0","0","0","0","0","0","0","0","0","0","0","0","0","0","0","0","0","0","0","0","0","0","0","0"
"121","EWR","0","0","0","0","0","0","0","0","0","0","0","0","0","0","0","0","0","2127","1356","1048","1404","990","743","266","0"
"122","EYW","0","0","0","0","0","0","0","0","0","0","0","0","0","0","0","0","0","0","0","0","0","0","0","0","0"
"123","FAI","0","0","0","0","0","0","0","0","0","0","0","0","0","0","0","0","0","0","0","0","0","0","0","0","0"
"124","FAR","0","0","0","0","0","0","0","0","0","0","0","0","0","0","0","0","0","0","0","0","0","0","0","0","0"
"125","FAT","0","0","0","0","0","0","0","0","0","0","0","0","0","0","0","0","0","2327","2393","2081","1809","1673","1861","1204","695"
"126","FAY","0","0","0","0","0","0","0","0","0","0","0","0","0","0","0","0","0","6","0","95","227","285","86","42","35"
"127","FCA","0","0","0","0","0","0","0","0","0","0","0","0","0","0","0","0","0","30","0","0","0","0","0","0","0"
"128","FLG","0","0","0","0","0","0","0","0","0","0","0","0","0","0","0","0","0","1729","1911","1871","1633","2004","2312","1173","3"
"129","FLL","0","0","0","0","0","0","0","0","0","0","0","0","0","0","0","0","0","0","0","0","0","0","0","0","0"
"130","FLO","0","0","0","0","0","0","0","0","0","0","0","0","0","0","0","0","0","0","0","0","0","0","0","0","0"
"131","FMN","0","0","0","0","0","0","0","0","0","0","0","0","0","0","0","0","0","0","0","0","0","0","0","0","0"
"132","FNT","0","0","0","0","0","0","0","0","0","0","0","0","0","0","0","0","0","0","0","0","0","0","0","0","0"
"133","FOE","0","0","0","0","0","0","0","0","0","0","0","0","0","0","0","0","0","0","0","0","0","0","0","0","0"
"134","FSD","0","0","0","0","0","0","0","0","0","0","0","0","0","0","0","0","0","860","807","462","769","133","0","0","0"
"135","FSM","0","0","0","0","0","0","0","0","0","0","0","0","0","0","0","0","0","0","0","0","0","0","0","0","0"
"136","FWA","0","0","0","0","0","0","0","0","0","0","0","0","0","0","0","0","0","810","994","671","236","0","0","0","0"
"137","GCC","0","0","0","0","0","0","0","0","0","0","0","0","0","0","0","0","0","0","0","695","612","0","0","0","0"
"138","GCK","0","0","0","0","0","0","0","0","0","0","0","0","0","0","0","0","0","0","0","0","0","0","0","0","0"
"139","GCN","0","0","0","0","0","0","0","0","0","0","0","0","0","0","0","0","0","0","0","0","0","0","0","0","0"
"140","GEG","0","0","0","0","0","0","0","0","0","0","0","0","0","0","0","0","0","331","8","60","0","0","0","4","0"
"141","GFK","0","0","0","0","0","0","0","0","0","0","0","0","0","0","0","0","0","0","0","0","0","0","0","0","0"
"142","GGG","0","0","0","0","0","0","0","0","0","0","0","0","0","0","0","0","0","0","0","0","0","0","0","0","0"
"143","GJT","0","0","0","0","0","0","0","0","0","0","0","0","0","0","0","0","0","2129","2351","2390","2663","1553","997","234","0"
"144","GLH","0","0","0","0","0","0","0","0","0","0","0","0","0","0","0","0","0","0","0","0","0","0","0","0","0"
"145","GNV","0","0","0","0","0","0","0","0","0","0","0","0","0","0","0","0","0","29","0","0","0","0","0","0","0"
"146","GPT","0","0","0","0","0","0","0","0","0","0","0","0","0","0","0","0","0","0","0","0","0","0","0","0","0"
"147","GRB","0","0","0","0","0","0","0","0","0","0","0","0","0","0","0","0","0","697","939","859","889","131","0","0","0"
"148","GRI","0","0","0","0","0","0","0","0","0","0","0","0","0","0","0","0","0","0","0","0","0","0","0","0","0"
"149","GRK","0","0","0","0","0","0","0","0","0","0","0","0","0","0","0","0","0","0","0","0","0","0","0","0","0"
"150","GRR","0","0","0","0","0","0","0","0","0","0","0","0","0","0","0","0","0","285","36","219","948","220","18","0","0"
"151","GSO","0","0","0","0","0","0","0","0","0","0","0","0","0","0","0","0","0","2347","1802","1622","45","185","325","635","1476"
"152","GSP","0","0","0","0","0","0","0","0","0","0","0","0","0","0","0","0","0","2678","2493","1189","874","119","0","0","97"
"153","GST","0","0","0","0","0","0","0","0","0","0","0","0","0","0","0","0","0","0","0","0","0","0","0","0","0"
"154","GTF","0","0","0","0","0","0","0","0","0","0","0","0","0","0","0","0","0","0","0","0","0","0","0","0","0"
"155","GTR","0","0","0","0","0","0","0","0","0","0","0","0","0","0","0","0","0","0","0","0","0","0","0","0","0"
"156","GUC","0","0","0","0","0","0","0","0","0","0","0","0","0","0","0","0","0","1016","1073","596","698","286","0","0","0"
"157","GUM","0","0","0","0","0","0","0","0","0","0","0","0","0","0","0","0","0","0","0","0","0","0","0","0","0"
"158","HDN","0","0","0","0","0","0","0","0","0","0","0","0","0","0","0","0","0","1548","1166","179","16","39","0","0","0"
"159","HHH","0","0","0","0","0","0","0","0","0","0","0","0","0","0","0","0","0","0","0","0","0","0","0","0","0"
"160","HIB","0","0","0","0","0","0","0","0","0","0","0","0","0","0","0","0","0","0","0","0","0","0","0","0","0"
"161","HKY","0","0","0","0","0","0","0","0","0","0","0","0","0","0","0","0","0","0","0","0","0","0","0","0","0"
"162","HLN","0","0","0","0","0","0","0","0","0","0","0","0","0","0","0","0","0","0","0","0","0","0","0","0","0"
"163","HNL","0","0","0","0","0","0","0","0","0","0","0","0","0","0","0","0","0","6112","10387","12002","10589","8764","7295","7205","6907"
"164","HOB","0","0","0","0","0","0","0","0","0","0","0","0","0","0","0","0","0","0","0","0","0","0","0","0","0"
"165","HOU","0","0","0","0","0","0","0","0","0","0","0","0","0","0","0","0","0","0","0","0","0","0","0","0","0"
"166","HPN","0","0","0","0","0","0","0","0","0","0","0","0","0","0","0","0","0","0","0","0","0","0","0","0","0"
"167","HRL","0","0","0","0","0","0","0","0","0","0","0","0","0","0","0","0","0","0","0","0","0","0","0","0","0"
"168","HSV","0","0","0","0","0","0","0","0","0","0","0","0","0","0","0","0","0","41","534","721","1200","90","64","66","532"
"169","HTS","0","0","0","0","0","0","0","0","0","0","0","0","0","0","0","0","0","0","0","0","0","0","0","0","0"
"170","HVN","0","0","0","0","0","0","0","0","0","0","0","0","0","0","0","0","0","0","0","0","0","0","0","0","0"
"171","IAD","0","0","0","0","0","0","0","0","0","0","0","0","0","0","0","0","0","38469","30750","22627","18478","12739","9714","10204","10000"
"172","IAH","0","0","0","0","0","0","0","0","0","0","0","0","0","0","0","0","0","2148","2321","2082","616","157","79","1","9"
"173","ICT","0","0","0","0","0","0","0","0","0","0","0","0","0","0","0","0","0","729","726","692","599","0","0","0","0"
"174","IDA","0","0","0","0","0","0","0","0","0","0","0","0","0","0","0","0","0","0","0","0","0","0","0","0","0"
"175","ILE","0","0","0","0","0","0","0","0","0","0","0","0","0","0","0","0","0","0","0","0","0","0","0","0","0"
"176","ILG","0","0","0","0","0","0","0","0","0","0","0","0","0","0","0","0","0","0","0","0","0","0","0","0","0"
"177","ILM","0","0","0","0","0","0","0","0","0","0","0","0","0","0","0","0","0","1185","977","492","845","1380","1207","1052","1459"
"178","IMT","0","0","0","0","0","0","0","0","0","0","0","0","0","0","0","0","0","0","0","0","0","0","0","0","0"
"179","IND","0","0","0","0","0","0","0","0","0","0","0","0","0","0","0","0","0","340","538","199","771","645","565","1242","1172"
"180","INL","0","0","0","0","0","0","0","0","0","0","0","0","0","0","0","0","0","0","0","0","0","0","0","0","0"
"181","IPL","0","0","0","0","0","0","0","0","0","0","0","0","0","0","0","0","0","0","0","0","0","0","0","0","0"
"182","ISN","0","0","0","0","0","0","0","0","0","0","0","0","0","0","0","0","0","0","0","0","0","0","0","0","0"
"183","ISO","0","0","0","0","0","0","0","0","0","0","0","0","0","0","0","0","0","0","0","0","0","0","0","0","0"
"184","ISP","0","0","0","0","0","0","0","0","0","0","0","0","0","0","0","0","0","0","0","0","0","0","0","0","0"
"185","ITH","0","0","0","0","0","0","0","0","0","0","0","0","0","0","0","0","0","0","0","0","0","0","0","0","0"
"186","ITO","0","0","0","0","0","0","0","0","0","0","0","0","0","0","0","0","0","1092","2362","2889","2582","1745","1327","895","956"
"187","IYK","0","0","0","0","0","0","0","0","0","0","0","0","0","0","0","0","0","0","0","0","0","0","0","0","0"
"188","JAC","0","0","0","0","0","0","0","0","0","0","0","0","0","0","0","0","0","699","613","404","319","0","0","0","0"
"189","JAN","0","0","0","0","0","0","0","0","0","0","0","0","0","0","0","0","0","23","0","0","0","0","0","0","12"
"190","JAX","0","0","0","0","0","0","0","0","0","0","0","0","0","0","0","0","0","1373","1062","973","856","1028","1138","1228","1037"
"191","JFK","0","0","0","0","0","0","0","0","0","0","0","0","0","0","0","0","0","2450","1717","641","880","265","0","0","0"
"192","JLN","0","0","0","0","0","0","0","0","0","0","0","0","0","0","0","0","0","0","0","0","0","0","0","0","0"
"193","JNU","0","0","0","0","0","0","0","0","0","0","0","0","0","0","0","0","0","0","0","0","0","0","0","0","0"
"194","KOA","0","0","0","0","0","0","0","0","0","0","0","0","0","0","0","0","0","1576","2700","3067","2714","2145","1808","1642","2128"
"195","KSM","0","0","0","0","0","0","0","0","0","0","0","0","0","0","0","0","0","0","0","0","0","0","0","0","0"
"196","KTN","0","0","0","0","0","0","0","0","0","0","0","0","0","0","0","0","0","0","0","0","0","0","0","0","0"
"197","LAN","0","0","0","0","0","0","0","0","0","0","0","0","0","0","0","0","0","735","907","668","857","175","0","0","0"
"198","LAR","0","0","0","0","0","0","0","0","0","0","0","0","0","0","0","0","0","0","0","0","0","0","0","0","0"
"199","LAS","0","0","0","0","0","0","0","0","0","0","0","0","0","0","0","0","0","8586","7696","3529","2015","3744","1771","257","8"
"200","LAW","0","0","0","0","0","0","0","0","0","0","0","0","0","0","0","0","0","0","0","0","0","0","0","0","0"
"201","LAX","0","0","0","0","0","0","0","0","0","0","0","0","0","0","0","0","0","1275","1488","645","966","1530","482","60","0"
"202","LBB","0","0","0","0","0","0","0","0","0","0","0","0","0","0","0","0","0","0","0","0","0","0","0","0","0"
"203","LCH","0","0","0","0","0","0","0","0","0","0","0","0","0","0","0","0","0","0","0","0","0","0","0","0","0"
"204","LEX","0","0","0","0","0","0","0","0","0","0","0","0","0","0","0","0","0","407","0","0","0","0","0","0","4"
"205","LFT","0","0","0","0","0","0","0","0","0","0","0","0","0","0","0","0","0","0","0","0","0","0","0","0","0"
"206","LGA","0","0","0","0","0","0","0","0","0","0","0","0","0","0","0","0","0","2112","1460","738","1053","661","354","920","601"
"207","LGB","0","0","0","0","0","0","0","0","0","0","0","0","0","0","0","0","0","1644","1730","1623","1450","1492","1649","1333","1256"
"208","LIH","0","0","0","0","0","0","0","0","0","0","0","0","0","0","0","0","0","1523","2489","2806","2449","2389","1943","2430","1635"
"209","LIT","0","0","0","0","0","0","0","0","0","0","0","0","0","0","0","0","0","131","31","39","1","416","571","450","492"
"210","LMT","0","0","0","0","0","0","0","0","0","0","0","0","0","0","0","0","0","0","0","0","0","0","0","0","0"
"211","LNK","0","0","0","0","0","0","0","0","0","0","0","0","0","0","0","0","0","533","0","0","0","0","0","0","0"
"212","LNY","0","0","0","0","0","0","0","0","0","0","0","0","0","0","0","0","0","0","0","0","0","0","0","0","0"
"213","LRD","0","0","0","0","0","0","0","0","0","0","0","0","0","0","0","0","0","0","0","0","0","0","0","0","0"
"214","LSE","0","0","0","0","0","0","0","0","0","0","0","0","0","0","0","0","0","0","0","0","0","0","0","0","0"
"215","LWB","0","0","0","0","0","0","0","0","0","0","0","0","0","0","0","0","0","0","0","0","0","0","0","0","0"
"216","LWS","0","0","0","0","0","0","0","0","0","0","0","0","0","0","0","0","0","0","0","0","0","0","0","0","0"
"217","LYH","0","0","0","0","0","0","0","0","0","0","0","0","0","0","0","0","0","0","0","0","0","0","0","0","0"
"218","MAF","0","0","0","0","0","0","0","0","0","0","0","0","0","0","0","0","0","0","0","0","0","0","0","0","0"
"219","MAZ","0","0","0","0","0","0","0","0","0","0","0","0","0","0","0","0","0","0","0","0","0","0","0","0","0"
"220","MBS","0","0","0","0","0","0","0","0","0","0","0","0","0","0","0","0","0","579","725","728","807","0","0","0","0"
"221","MCI","0","0","0","0","0","0","0","0","0","0","0","0","0","0","0","0","0","1625","1808","1162","724","608","722","781","1063"
"222","MCN","0","0","0","0","0","0","0","0","0","0","0","0","0","0","0","0","0","0","0","0","0","0","0","0","0"
"223","MCO","0","0","0","0","0","0","0","0","0","0","0","0","0","0","0","0","0","0","0","0","0","0","0","0","0"
"224","MDT","0","0","0","0","0","0","0","0","0","0","0","0","0","0","0","0","0","1483","1884","2190","2138","671","730","983","1049"
"225","MDW","0","0","0","0","0","0","0","0","0","0","0","0","0","0","0","0","0","624","0","0","0","0","0","0","0"
"226","MEI","0","0","0","0","0","0","0","0","0","0","0","0","0","0","0","0","0","0","0","0","0","0","0","0","0"
"227","MEM","0","0","0","0","0","0","0","0","0","0","0","0","0","0","0","0","0","2141","1637","2210","3074","2860","1758","1425","1641"
"228","MFE","0","0","0","0","0","0","0","0","0","0","0","0","0","0","0","0","0","0","0","0","0","0","0","0","0"
"229","MFR","0","0","0","0","0","0","0","0","0","0","0","0","0","0","0","0","0","727","624","443","0","0","0","0","0"
"230","MGM","0","0","0","0","0","0","0","0","0","0","0","0","0","0","0","0","0","117","0","0","0","0","0","0","0"
"231","MHK","0","0","0","0","0","0","0","0","0","0","0","0","0","0","0","0","0","0","0","0","0","0","0","0","0"
"232","MHT","0","0","0","0","0","0","0","0","0","0","0","0","0","0","0","0","0","1540","1706","924","838","426","173","274","644"
"233","MIA","0","0","0","0","0","0","0","0","0","0","0","0","0","0","0","0","0","0","0","0","0","0","1171","1015","849"
"234","MIB","0","0","0","0","0","0","0","0","0","0","0","0","0","0","0","0","0","0","0","0","0","0","0","0","0"
"235","MKC","0","0","0","0","0","0","0","0","0","0","0","0","0","0","0","0","0","0","0","0","0","0","0","0","0"
"236","MKE","0","0","0","0","0","0","0","0","0","0","0","0","0","0","0","0","0","122","0","291","504","0","0","0","85"
"237","MKG","0","0","0","0","0","0","0","0","0","0","0","0","0","0","0","0","0","0","0","0","0","0","0","0","0"
"238","MKK","0","0","0","0","0","0","0","0","0","0","0","0","0","0","0","0","0","0","0","0","0","0","0","0","0"
"239","MLB","0","0","0","0","0","0","0","0","0","0","0","0","0","0","0","0","0","0","0","0","0","0","0","0","0"
"240","MLI","0","0","0","0","0","0","0","0","0","0","0","0","0","0","0","0","0","651","420","774","559","102","0","0","0"
"241","MLU","0","0","0","0","0","0","0","0","0","0","0","0","0","0","0","0","0","0","0","0","0","0","0","0","0"
"242","MMH","0","0","0","0","0","0","0","0","0","0","0","0","0","0","0","0","0","0","0","0","0","0","0","0","0"
"243","MOB","0","0","0","0","0","0","0","0","0","0","0","0","0","0","0","0","0","405","0","0","0","0","0","0","0"
"244","MOD","0","0","0","0","0","0","0","0","0","0","0","0","0","0","0","0","0","0","0","0","0","0","0","0","0"
"245","MOT","0","0","0","0","0","0","0","0","0","0","0","0","0","0","0","0","0","0","0","0","0","0","0","0","0"
"246","MQT","0","0","0","0","0","0","0","0","0","0","0","0","0","0","0","0","0","0","0","0","0","0","0","0","0"
"247","MRY","0","0","0","0","0","0","0","0","0","0","0","0","0","0","0","0","0","916","854","924","804","744","823","52","2"
"248","MSN","0","0","0","0","0","0","0","0","0","0","0","0","0","0","0","0","0","694","947","794","631","161","61","105","63"
"249","MSO","0","0","0","0","0","0","0","0","0","0","0","0","0","0","0","0","0","0","0","0","0","0","0","0","0"
"250","MSP","0","0","0","0","0","0","0","0","0","0","0","0","0","0","0","0","0","504","234","6","26","8","7","0","7"
"251","MSY","0","0","0","0","0","0","0","0","0","0","0","0","0","0","0","0","0","113","86","43","4","51","577","256","251"
"252","MTH","0","0","0","0","0","0","0","0","0","0","0","0","0","0","0","0","0","0","0","0","0","0","0","0","0"
"253","MTJ","0","0","0","0","0","0","0","0","0","0","0","0","0","0","0","0","0","0","935","1420","1608","268","0","0","0"
"254","MVY","0","0","0","0","0","0","0","0","0","0","0","0","0","0","0","0","0","0","0","0","0","0","0","0","0"
"255","MWH","0","0","0","0","0","0","0","0","0","0","0","0","0","0","0","0","0","0","0","0","0","0","0","0","0"
"256","MYR","0","0","0","0","0","0","0","0","0","0","0","0","0","0","0","0","0","1216","1631","820","182","436","422","1216","1666"
"257","OAJ","0","0","0","0","0","0","0","0","0","0","0","0","0","0","0","0","0","20","0","6","15","41","168","101","73"
"258","OAK","0","0","0","0","0","0","0","0","0","0","0","0","0","0","0","0","0","483","688","600","556","294","139","827","956"
"259","OGD","0","0","0","0","0","0","0","0","0","0","0","0","0","0","0","0","0","0","0","0","0","0","0","0","0"
"260","OGG","0","0","0","0","0","0","0","0","0","0","0","0","0","0","0","0","0","1920","2836","3242","2845","2661","2225","3200","2194"
"261","OKC","0","0","0","0","0","0","0","0","0","0","0","0","0","0","0","0","0","1574","1308","995","628","142","17","921","729"
"262","OMA","0","0","0","0","0","0","0","0","0","0","0","0","0","0","0","0","0","570","6","266","293","294","295","606","842"
"263","OME","0","0","0","0","0","0","0","0","0","0","0","0","0","0","0","0","0","0","0","0","0","0","0","0","0"
"264","ONT","0","0","0","0","0","0","0","0","0","0","0","0","0","0","0","0","0","895","283","164","265","115","202","233","301"
"265","ORD","0","0","0","0","0","0","0","0","0","0","0","0","0","0","0","0","0","25398","29891","25897","30721","13957","9900","9342","9572"
"266","ORF","0","0","0","0","0","0","0","0","0","0","0","0","0","0","0","0","0","2357","1988","2176","2154","2102","1632","1847","1860"
"267","ORH","0","0","0","0","0","0","0","0","0","0","0","0","0","0","0","0","0","0","0","0","0","0","0","0","0"
"268","OTH","0","0","0","0","0","0","0","0","0","0","0","0","0","0","0","0","0","0","0","0","0","0","0","0","0"
"269","OTZ","0","0","0","0","0","0","0","0","0","0","0","0","0","0","0","0","0","0","0","0","0","0","0","0","0"
"270","OXR","0","0","0","0","0","0","0","0","0","0","0","0","0","0","0","0","0","0","0","0","0","0","0","0","0"
"271","PAH","0","0","0","0","0","0","0","0","0","0","0","0","0","0","0","0","0","0","0","0","0","0","0","0","0"
"272","PBI","0","0","0","0","0","0","0","0","0","0","0","0","0","0","0","0","0","0","0","0","0","0","0","0","0"
"273","PDX","0","0","0","0","0","0","0","0","0","0","0","0","0","0","0","0","0","73","42","0","0","0","0","0","0"
"274","PFN","0","0","0","0","0","0","0","0","0","0","0","0","0","0","0","0","0","0","0","0","0","0","0","0","0"
"275","PHF","0","0","0","0","0","0","0","0","0","0","0","0","0","0","0","0","0","181","0","0","0","0","0","0","0"
"276","PHL","0","0","0","0","0","0","0","0","0","0","0","0","0","0","0","0","0","2232","615","607","78","229","362","366","954"
"277","PHX","0","0","0","0","0","0","0","0","0","0","0","0","0","0","0","0","0","37605","33359","32052","30911","28501","30466","16206","13829"
"278","PIA","0","0","0","0","0","0","0","0","0","0","0","0","0","0","0","0","0","0","0","0","0","0","0","0","0"
"279","PIE","0","0","0","0","0","0","0","0","0","0","0","0","0","0","0","0","0","0","0","0","0","0","0","0","0"
"280","PIH","0","0","0","0","0","0","0","0","0","0","0","0","0","0","0","0","0","0","0","0","0","0","0","0","0"
"281","PIR","0","0","0","0","0","0","0","0","0","0","0","0","0","0","0","0","0","0","0","0","0","0","0","0","0"
"282","PIT","0","0","0","0","0","0","0","0","0","0","0","0","0","0","0","0","0","1836","1928","982","863","1104","555","122","390"
"283","PLN","0","0","0","0","0","0","0","0","0","0","0","0","0","0","0","0","0","0","0","0","0","0","0","0","0"
"284","PMD","0","0","0","0","0","0","0","0","0","0","0","0","0","0","0","0","0","0","0","0","0","0","0","0","0"
"285","PNS","0","0","0","0","0","0","0","0","0","0","0","0","0","0","0","0","0","620","758","372","140","788","437","676","905"
"286","PPG","0","0","0","0","0","0","0","0","0","0","0","0","0","0","0","0","0","0","0","0","0","0","0","0","0"
"287","PSC","0","0","0","0","0","0","0","0","0","0","0","0","0","0","0","0","0","0","0","0","0","0","0","0","0"
"288","PSE","0","0","0","0","0","0","0","0","0","0","0","0","0","0","0","0","0","0","0","0","0","0","0","0","0"
"289","PSG","0","0","0","0","0","0","0","0","0","0","0","0","0","0","0","0","0","0","0","0","0","0","0","0","0"
"290","PSP","0","0","0","0","0","0","0","0","0","0","0","0","0","0","0","0","0","2181","2135","1963","1799","1891","1807","446","299"
"291","PUB","0","0","0","0","0","0","0","0","0","0","0","0","0","0","0","0","0","0","0","0","0","0","0","0","0"
"292","PVD","0","0","0","0","0","0","0","0","0","0","0","0","0","0","0","0","0","480","397","532","363","771","334","687","953"
"293","PVU","0","0","0","0","0","0","0","0","0","0","0","0","0","0","0","0","0","0","0","0","0","0","0","0","0"
"294","PWM","0","0","0","0","0","0","0","0","0","0","0","0","0","0","0","0","0","1480","1042","1000","841","1006","749","235","457"
"295","RAP","0","0","0","0","0","0","0","0","0","0","0","0","0","0","0","0","0","1061","831","528","807","185","0","0","0"
"296","RDD","0","0","0","0","0","0","0","0","0","0","0","0","0","0","0","0","0","0","0","0","0","0","0","0","0"
"297","RDM","0","0","0","0","0","0","0","0","0","0","0","0","0","0","0","0","0","0","0","0","0","0","0","0","0"
"298","RDR","0","0","0","0","0","0","0","0","0","0","0","0","0","0","0","0","0","0","0","0","0","0","0","0","0"
"299","RDU","0","0","0","0","0","0","0","0","0","0","0","0","0","0","0","0","0","3000","3226","1378","1189","977","1575","1481","749"
"300","RFD","0","0","0","0","0","0","0","0","0","0","0","0","0","0","0","0","0","0","0","0","0","0","0","0","0"
"301","RHI","0","0","0","0","0","0","0","0","0","0","0","0","0","0","0","0","0","0","0","0","0","0","0","0","0"
"302","RIC","0","0","0","0","0","0","0","0","0","0","0","0","0","0","0","0","0","431","521","555","96","311","767","1074","1127"
"303","RKS","0","0","0","0","0","0","0","0","0","0","0","0","0","0","0","0","0","0","0","545","591","0","0","0","0"
"304","RNO","0","0","0","0","0","0","0","0","0","0","0","0","0","0","0","0","0","871","604","728","450","23","295","371","352"
"305","ROA","0","0","0","0","0","0","0","0","0","0","0","0","0","0","0","0","0","1116","799","853","1154","117","0","0","0"
"306","ROC","0","0","0","0","0","0","0","0","0","0","0","0","0","0","0","0","0","1008","1079","894","1109","662","466","203","328"
"307","ROP","0","0","0","0","0","0","0","0","0","0","0","0","0","0","0","0","0","0","0","0","0","0","0","0","0"
"308","ROR","0","0","0","0","0","0","0","0","0","0","0","0","0","0","0","0","0","0","0","0","0","0","0","0","0"
"309","ROW","0","0","0","0","0","0","0","0","0","0","0","0","0","0","0","0","0","0","0","0","0","0","0","0","0"
"310","RST","0","0","0","0","0","0","0","0","0","0","0","0","0","0","0","0","0","0","0","0","0","0","0","0","0"
"311","RSW","0","0","0","0","0","0","0","0","0","0","0","0","0","0","0","0","0","0","0","0","0","0","0","0","0"
"312","SAF","0","0","0","0","0","0","0","0","0","0","0","0","0","0","0","0","0","0","0","0","0","0","0","0","0"
"313","SAN","0","0","0","0","0","0","0","0","0","0","0","0","0","0","0","0","0","1205","480","187","326","127","259","66","1"
"314","SAT","0","0","0","0","0","0","0","0","0","0","0","0","0","0","0","0","0","1670","1262","1975","1901","1922","2390","1878","2551"
"315","SAV","0","0","0","0","0","0","0","0","0","0","0","0","0","0","0","0","0","2549","2962","2266","2250","1505","1070","1392","1863"
"316","SBA","0","0","0","0","0","0","0","0","0","0","0","0","0","0","0","0","0","2432","2312","1922","1761","1706","1704","357","494"
"317","SBN","0","0","0","0","0","0","0","0","0","0","0","0","0","0","0","0","0","566","1319","1385","1074","767","323","169","137"
"318","SBP","0","0","0","0","0","0","0","0","0","0","0","0","0","0","0","0","0","1446","1228","1118","926","989","950","175","397"
"319","SCC","0","0","0","0","0","0","0","0","0","0","0","0","0","0","0","0","0","0","0","0","0","0","0","0","0"
"320","SCE","0","0","0","0","0","0","0","0","0","0","0","0","0","0","0","0","0","0","0","0","0","0","0","0","0"
"321","SCK","0","0","0","0","0","0","0","0","0","0","0","0","0","0","0","0","0","0","0","0","0","0","0","0","0"
"322","SDF","0","0","0","0","0","0","0","0","0","0","0","0","0","0","0","0","0","40","11","784","765","1240","809","563","982"
"323","SEA","0","0","0","0","0","0","0","0","0","0","0","0","0","0","0","0","0","271","294","0","0","0","0","0","0"
"324","SFO","0","0","0","0","0","0","0","0","0","0","0","0","0","0","0","0","0","199","271","0","30","1310","631","0","0"
"325","SGF","0","0","0","0","0","0","0","0","0","0","0","0","0","0","0","0","0","0","0","0","0","0","0","0","0"
"326","SGU","0","0","0","0","0","0","0","0","0","0","0","0","0","0","0","0","0","0","0","0","0","0","0","0","0"
"327","SHD","0","0","0","0","0","0","0","0","0","0","0","0","0","0","0","0","0","0","0","0","0","0","0","0","0"
"328","SHV","0","0","0","0","0","0","0","0","0","0","0","0","0","0","0","0","0","0","0","0","0","0","0","0","0"
"329","SIT","0","0","0","0","0","0","0","0","0","0","0","0","0","0","0","0","0","0","0","0","0","0","0","0","0"
"330","SJC","0","0","0","0","0","0","0","0","0","0","0","0","0","0","0","0","0","159","333","214","0","0","1","0","27"
"331","SJT","0","0","0","0","0","0","0","0","0","0","0","0","0","0","0","0","0","0","0","0","0","0","0","0","0"
"332","SJU","0","0","0","0","0","0","0","0","0","0","0","0","0","0","0","0","0","0","0","0","0","0","0","0","0"
"333","SLC","0","0","0","0","0","0","0","0","0","0","0","0","0","0","0","0","0","705","698","600","349","211","67","27","2"
"334","SLE","0","0","0","0","0","0","0","0","0","0","0","0","0","0","0","0","0","0","0","0","0","0","0","0","0"
"335","SMF","0","0","0","0","0","0","0","0","0","0","0","0","0","0","0","0","0","338","296","57","6","62","46","0","0"
"336","SMX","0","0","0","0","0","0","0","0","0","0","0","0","0","0","0","0","0","0","0","0","0","0","0","0","0"
"337","SNA","0","0","0","0","0","0","0","0","0","0","0","0","0","0","0","0","0","675","663","619","1278","729","365","319","209"
"338","SOP","0","0","0","0","0","0","0","0","0","0","0","0","0","0","0","0","0","0","0","0","0","0","0","0","0"
"339","SPI","0","0","0","0","0","0","0","0","0","0","0","0","0","0","0","0","0","0","714","627","695","0","0","0","0"
"340","SPN","0","0","0","0","0","0","0","0","0","0","0","0","0","0","0","0","0","0","0","0","0","0","0","0","0"
"341","SPS","0","0","0","0","0","0","0","0","0","0","0","0","0","0","0","0","0","0","0","0","0","0","0","0","0"
"342","SRQ","0","0","0","0","0","0","0","0","0","0","0","0","0","0","0","0","0","469","464","201","211","720","286","570","338"
"343","STL","0","0","0","0","0","0","0","0","0","0","0","0","0","0","0","0","0","1311","868","735","582","691","596","787","739"
"344","STT","0","0","0","0","0","0","0","0","0","0","0","0","0","0","0","0","0","0","0","0","0","0","0","0","0"
"345","STX","0","0","0","0","0","0","0","0","0","0","0","0","0","0","0","0","0","0","0","0","0","0","0","0","0"
"346","SUN","0","0","0","0","0","0","0","0","0","0","0","0","0","0","0","0","0","0","0","0","0","0","0","0","0"
"347","SUX","0","0","0","0","0","0","0","0","0","0","0","0","0","0","0","0","0","0","0","0","0","0","0","0","0"
"348","SWF","0","0","0","0","0","0","0","0","0","0","0","0","0","0","0","0","0","0","0","0","0","0","0","0","0"
"349","SYR","0","0","0","0","0","0","0","0","0","0","0","0","0","0","0","0","0","256","511","1092","956","668","593","418","720"
"350","TEX","0","0","0","0","0","0","0","0","0","0","0","0","0","0","0","0","0","273","216","194","176","183","161","0","0"
"351","TLH","0","0","0","0","0","0","0","0","0","0","0","0","0","0","0","0","0","44","31","240","0","9","0","28","0"
"352","TOL","0","0","0","0","0","0","0","0","0","0","0","0","0","0","0","0","0","0","0","0","0","0","0","0","0"
"353","TPA","0","0","0","0","0","0","0","0","0","0","0","0","0","0","0","0","0","0","0","0","0","0","0","0","0"
"354","TRI","0","0","0","0","0","0","0","0","0","0","0","0","0","0","0","0","0","109","15","16","9","4","7","8","7"
"355","TTN","0","0","0","0","0","0","0","0","0","0","0","0","0","0","0","0","0","0","0","0","0","0","0","0","0"
"356","TUL","0","0","0","0","0","0","0","0","0","0","0","0","0","0","0","0","0","0","0","0","0","0","0","0","0"
"357","TUP","0","0","0","0","0","0","0","0","0","0","0","0","0","0","0","0","0","0","0","0","0","0","0","0","0"
"358","TUS","0","0","0","0","0","0","0","0","0","0","0","0","0","0","0","0","0","4807","4434","3677","3597","3231","3365","2538","2674"
"359","TVC","0","0","0","0","0","0","0","0","0","0","0","0","0","0","0","0","0","13","392","695","871","216","0","0","0"
"360","TVL","0","0","0","0","0","0","0","0","0","0","0","0","0","0","0","0","0","0","0","0","0","0","0","0","0"
"361","TWF","0","0","0","0","0","0","0","0","0","0","0","0","0","0","0","0","0","0","0","0","0","0","0","0","0"
"362","TXK","0","0","0","0","0","0","0","0","0","0","0","0","0","0","0","0","0","0","0","0","0","0","0","0","0"
"363","TYR","0","0","0","0","0","0","0","0","0","0","0","0","0","0","0","0","0","0","0","0","0","0","0","0","0"
"364","TYS","0","0","0","0","0","0","0","0","0","0","0","0","0","0","0","0","0","11","0","268","519","68","0","6","53"
"365","UCA","0","0","0","0","0","0","0","0","0","0","0","0","0","0","0","0","0","0","0","0","0","0","0","0","0"
"366","UTM","0","0","0","0","0","0","0","0","0","0","0","0","0","0","0","0","0","0","0","0","0","0","0","0","0"
"367","VCT","0","0","0","0","0","0","0","0","0","0","0","0","0","0","0","0","0","0","0","0","0","0","0","0","0"
"368","VIS","0","0","0","0","0","0","0","0","0","0","0","0","0","0","0","0","0","0","0","0","0","0","0","0","0"
"369","VLD","0","0","0","0","0","0","0","0","0","0","0","0","0","0","0","0","0","0","0","0","0","0","0","0","0"
"370","VPS","0","0","0","0","0","0","0","0","0","0","0","0","0","0","0","0","0","0","0","0","0","30","0","0","0"
"371","WRG","0","0","0","0","0","0","0","0","0","0","0","0","0","0","0","0","0","0","0","0","0","0","0","0","0"
"372","WYS","0","0","0","0","0","0","0","0","0","0","0","0","0","0","0","0","0","0","0","0","0","0","0","0","0"
"373","XNA","0","0","0","0","0","0","0","0","0","0","0","0","0","0","0","0","0","22","0","0","0","0","0","2","0"
"374","YAK","0","0","0","0","0","0","0","0","0","0","0","0","0","0","0","0","0","0","0","0","0","0","0","0","0"
"375","YAP","0","0","0","0","0","0","0","0","0","0","0","0","0","0","0","0","0","0","0","0","0","0","0","0","0"
"376","YKM","0","0","0","0","0","0","0","0","0","0","0","0","0","0","0","0","0","0","0","0","0","0","0","0","0"
"377","YUM","0","0","0","0","0","0","0","0","0","0","0","0","0","0","0","0","0","1814","1884","2060","1977","2126","2206","151","2"
